ID_Client,Age,Salaire,Nb_Enfants,Anciennete_Client,Nb_Achats_Precedents,Canal_Acquisition,Categorie_Socio,A_Achete
1,51,22000,3,6,7,Direct,C,1
2,54,67000,3,1,5,SMS,B,1
3,24,68000,4,7,9,SMS,B,1
4,22,54000,4,10,12,Direct,B,0
5,34,35000,3,8,9,Direct,C,1
6,63,38000,3,8,9,SMS,C,0
7,39,93000,2,12,13,SMS,A,1
8,44,49000,4,4,5,SMS,B,1
9,42,55000,0,8,10,Publicite,B,1
10,38,95000,0,2,5,Publicite,A,1
11,46,25000,0,6,8,Direct,C,1
12,23,66000,2,7,7,Publicite,B,1
13,18,75000,4,5,7,SMS,B,1
14,21,68000,3,3,6,Publicite,B,1
15,28,61000,2,4,7,Direct,A,1
16,40,26000,4,12,10,Direct,C,0
17,35,32000,3,5,5,Publicite,C,1
18,40,98000,0,10,10,Publicite,C,1
19,48,78000,0,4,6,SMS,A,1
20,59,91000,4,5,8,Publicite,A,1
21,35,76000,0,6,8,Publicite,A,1
22,28,42000,1,13,14,SMS,C,0
23,26,87000,3,10,12,Direct,C,1
24,18,35000,2,2,5,Publicite,C,1
25,43,40000,3,1,2,Email,C,0
26,64,41000,1,6,6,Direct,B,1
27,56,34000,4,11,12,SMS,C,1
28,35,75000,2,8,9,Email,A,1
29,32,30000,2,13,11,Email,C,1
30,33,29000,4,3,5,Email,C,1
31,22,66000,4,0,4,Publicite,B,0
32,21,24000,0,13,11,Direct,C,0
33,18,74000,1,10,10,SMS,A,1
34,67,62000,1,10,12,Direct,B,1
35,43,32000,1,14,14,Direct,B,1
36,43,97000,2,9,12,Direct,A,1
37,55,35000,4,8,10,SMS,C,1
38,38,88000,0,9,10,Publicite,A,0
39,30,96000,0,1,6,Direct,C,1
40,39,46000,3,11,11,Publicite,B,1
41,20,35000,3,0,2,Publicite,C,0
42,50,32000,3,1,2,Email,C,0
43,31,45000,0,13,11,SMS,B,1
44,47,81000,4,12,12,Direct,A,1
45,20,82000,1,12,13,Publicite,A,1
46,53,82000,2,2,4,Email,B,1
47,63,55000,4,13,12,Direct,B,1
48,52,49000,2,13,13,SMS,A,1
49,59,95000,0,9,9,Publicite,A,1
50,56,86000,4,13,14,Publicite,A,1
51,29,55000,2,13,11,Publicite,B,1
52,30,61000,1,11,13,Publicite,B,0
53,32,65000,3,4,7,SMS,B,0
54,26,26000,2,4,5,Email,C,1
55,53,53000,0,1,4,SMS,B,1
56,45,94000,0,2,4,Direct,A,1
57,57,70000,2,9,11,Email,B,1
58,60,79000,1,4,7,Direct,B,1
59,51,44000,3,1,3,SMS,B,1
60,59,45000,1,1,4,Publicite,A,1
61,54,70000,1,1,5,Publicite,B,1
62,57,33000,4,0,2,Email,C,1
63,18,93000,0,11,12,Direct,A,1
64,54,55000,0,0,1,Publicite,B,1
65,46,49000,2,5,7,SMS,B,0
66,62,90000,4,12,12,SMS,C,1
67,36,21000,1,9,8,Publicite,C,1
68,57,66000,2,2,3,Direct,B,1
69,25,31000,4,6,7,SMS,C,1
70,54,25000,2,6,5,Publicite,C,0
71,61,22000,0,6,7,Direct,C,0
72,60,94000,3,3,6,Email,A,1
73,38,73000,2,6,7,Email,A,1
74,52,52000,3,14,13,Email,B,1
75,41,43000,0,10,11,SMS,B,1
76,62,80000,4,13,13,Direct,A,1
77,64,87000,0,3,5,SMS,B,1
78,37,86000,3,4,6,Publicite,A,1
79,34,83000,4,12,13,Publicite,A,1
80,46,43000,4,6,7,Email,B,0
81,50,35000,4,8,7,Publicite,C,0
82,64,80000,2,5,6,Direct,C,0
83,30,39000,1,9,8,Direct,C,1
84,31,30000,1,12,13,Email,C,1
85,38,54000,1,2,3,SMS,A,1
86,25,78000,4,8,8,Email,A,1
87,25,45000,1,9,10,Direct,B,1
88,38,31000,0,3,3,Email,C,1
89,34,65000,0,2,5,Publicite,B,1
90,64,53000,2,11,12,SMS,B,1
91,34,97000,0,4,6,Publicite,A,1
92,59,75000,1,6,9,Direct,A,1
93,41,27000,4,8,8,Email,C,1
94,44,43000,1,5,6,Direct,B,1
95,31,68000,0,0,3,Email,B,0
96,36,81000,0,8,10,Email,A,1
97,23,40000,1,12,13,Email,C,1
98,50,79000,1,14,13,Direct,A,1
99,43,87000,4,5,6,Email,A,1
100,28,54000,2,3,6,Direct,B,1
101,58,74000,1,8,8,Direct,B,0
102,19,55000,4,10,10,SMS,B,1
103,20,28000,4,7,8,Publicite,C,0
104,24,62000,2,1,3,Direct,B,1
105,29,96000,1,4,7,Direct,B,1
106,44,60000,0,8,8,Publicite,A,1
107,55,44000,1,2,5,Email,C,1
108,25,97000,3,3,7,Email,A,1
109,35,96000,1,7,9,Publicite,A,1
110,44,78000,1,6,7,Direct,A,1
111,41,20000,3,8,7,Direct,C,0
112,26,68000,1,5,6,SMS,B,1
113,28,46000,1,0,3,SMS,A,0
114,23,40000,1,14,12,Publicite,C,0
115,31,49000,4,8,10,Direct,C,1
116,19,47000,0,1,4,Direct,B,1
117,49,47000,4,3,5,Publicite,B,1
118,54,67000,0,6,6,Publicite,C,1
119,18,93000,2,4,8,SMS,A,1
120,64,97000,0,4,7,Publicite,A,1
121,27,23000,0,8,8,SMS,C,0
122,26,89000,3,8,9,SMS,A,0
123,37,89000,0,9,12,Publicite,A,1
124,59,62000,1,10,11,Direct,B,1
125,49,52000,2,10,12,Direct,B,1
126,43,95000,1,11,12,Email,A,1
127,48,48000,4,11,10,Publicite,B,1
128,50,82000,2,10,10,Publicite,A,1
129,41,23000,0,13,12,SMS,C,1
130,26,97000,0,2,6,SMS,A,1
131,35,82000,3,5,7,Email,A,1
132,59,49000,0,3,6,Direct,C,1
133,63,55000,1,14,13,Publicite,B,1
134,37,74000,4,10,11,Direct,A,1
135,40,80000,3,5,6,Publicite,A,1
136,28,22000,2,6,6,Publicite,C,1
137,67,87000,2,1,4,Email,A,0
138,53,28000,2,6,8,Direct,C,0
139,49,46000,0,4,6,Publicite,C,0
140,35,51000,4,1,4,Direct,B,1
141,46,55000,3,3,3,Direct,B,1
142,36,44000,0,11,12,SMS,B,1
143,33,49000,1,10,10,Email,B,1
144,48,31000,4,10,9,Publicite,C,1
145,25,76000,3,14,15,SMS,B,1
146,59,81000,1,8,8,Publicite,A,1
147,18,22000,0,10,10,Direct,C,1
148,63,67000,4,5,8,SMS,B,1
149,22,58000,2,1,4,Direct,B,1
150,46,57000,1,13,14,Direct,B,1
151,26,42000,3,2,4,Publicite,B,0
152,25,41000,3,10,9,SMS,B,1
153,54,56000,2,8,7,Email,B,1
154,45,46000,2,5,5,SMS,B,0
155,28,74000,3,5,8,Direct,A,1
156,37,39000,1,2,5,Publicite,C,0
157,64,82000,0,6,8,SMS,A,1
158,40,33000,0,8,7,Publicite,C,1
159,47,42000,1,4,6,Publicite,B,1
160,64,55000,4,8,7,SMS,B,1
161,20,46000,1,6,8,Direct,B,1
162,23,24000,4,9,8,Email,C,1
163,55,73000,4,11,10,Direct,A,1
164,19,94000,0,9,9,Publicite,A,1
165,64,22000,1,3,5,Publicite,C,1
166,61,38000,3,6,7,Direct,C,1
167,28,99000,1,9,10,SMS,A,1
168,41,59000,2,1,4,SMS,B,1
169,45,51000,2,5,5,SMS,A,1
170,20,55000,0,12,11,Publicite,B,1
171,58,90000,2,8,11,Publicite,A,1
172,57,84000,2,11,12,SMS,A,1
173,38,40000,1,0,2,Email,B,0
174,41,43000,2,12,11,SMS,B,1
175,22,89000,2,12,14,Direct,A,1
176,48,27000,0,5,5,Email,C,1
177,54,57000,3,5,5,SMS,B,1
178,42,83000,1,1,5,SMS,A,1
179,59,31000,2,9,8,SMS,C,1
180,35,91000,1,13,15,Direct,A,0
181,43,73000,1,12,12,Publicite,C,1
182,44,62000,3,5,8,Publicite,B,1
183,48,31000,2,5,6,Email,C,0
184,31,47000,4,8,9,Email,B,1
185,43,29000,3,8,7,SMS,C,1
186,21,77000,0,5,6,Email,A,1
187,33,34000,1,6,5,Email,C,1
188,44,39000,3,9,10,Direct,C,1
189,28,85000,0,13,13,Direct,A,1
190,37,52000,3,5,8,SMS,B,0
191,29,88000,2,0,2,SMS,A,1
192,23,69000,4,7,7,Email,B,1
193,34,61000,4,3,5,Direct,B,0
194,38,31000,1,9,9,Email,B,1
195,55,94000,4,6,8,Direct,A,1
196,61,70000,2,4,6,Publicite,B,1
197,45,25000,2,7,6,SMS,C,0
198,59,24000,0,2,3,Direct,C,1
199,62,58000,1,13,14,Publicite,B,1
200,53,39000,2,8,8,Email,C,1
201,53,75000,4,10,9,Publicite,B,1
202,34,48000,1,14,14,Email,C,1
203,37,32000,2,13,13,Publicite,C,1
204,23,26000,2,5,5,Direct,C,1
205,42,98000,4,11,11,Direct,A,0
206,40,70000,3,13,12,Publicite,B,1
207,29,45000,4,7,8,Direct,B,1
208,21,57000,0,8,9,Email,B,1
209,43,32000,2,1,4,Email,C,1
210,33,50000,4,10,9,Direct,B,1
211,41,79000,1,1,3,SMS,A,1
212,31,59000,0,3,4,Publicite,B,1
213,51,21000,0,0,3,Publicite,C,0
214,67,53000,2,13,14,Direct,B,1
215,25,59000,1,7,7,Email,B,1
216,61,25000,2,2,4,SMS,C,1
217,62,31000,1,12,11,SMS,C,1
218,23,56000,2,3,4,Email,B,1
219,56,77000,4,8,11,SMS,A,1
220,50,27000,2,5,5,SMS,C,1
221,31,28000,3,12,12,Email,C,1
222,57,98000,4,1,3,Direct,A,1
223,22,22000,0,1,3,Publicite,C,0
224,44,36000,1,4,6,SMS,C,1
225,62,30000,4,11,9,Publicite,C,1
226,29,24000,1,14,14,Direct,A,1
227,43,49000,4,11,11,Publicite,B,0
228,38,70000,2,8,11,SMS,B,1
229,63,39000,3,14,14,Email,C,1
230,59,22000,3,8,8,SMS,C,0
231,53,81000,2,14,14,SMS,A,1
232,50,22000,2,3,5,SMS,C,1
233,40,28000,4,13,13,Publicite,C,1
234,22,29000,2,2,4,Direct,C,0
235,28,38000,4,10,10,SMS,C,0
236,20,88000,0,14,13,Publicite,A,1
237,65,24000,1,9,10,Direct,C,1
238,48,92000,1,8,8,Publicite,A,1
239,31,56000,0,5,7,Email,C,1
240,45,67000,0,8,9,SMS,B,0
241,25,55000,0,9,9,Publicite,B,1
242,65,77000,3,8,11,SMS,A,1
243,34,29000,4,8,9,Publicite,C,1
244,38,86000,4,13,13,SMS,A,1
245,35,89000,2,14,15,SMS,A,1
246,49,54000,1,14,14,Email,B,1
247,59,20000,3,3,5,SMS,C,1
248,18,93000,3,14,13,Publicite,A,1
249,41,89000,1,4,6,SMS,B,0
250,32,81000,4,6,9,Email,A,1
251,53,24000,2,9,9,Direct,C,1
252,34,34000,1,14,12,Publicite,C,1
253,29,78000,3,2,5,SMS,B,0
254,62,68000,3,4,5,Direct,B,1
255,34,89000,3,13,13,Direct,A,1
256,47,66000,1,3,6,Email,B,1
257,20,43000,1,14,12,SMS,B,0
258,65,65000,4,1,2,Direct,B,0
259,63,49000,1,2,4,Publicite,B,1
260,33,61000,4,13,12,Direct,B,1
261,50,60000,4,7,9,Publicite,B,0
262,63,88000,2,3,5,SMS,B,1
263,25,23000,3,13,11,SMS,C,1
264,66,91000,2,11,13,Email,A,1
265,42,50000,2,14,14,Email,A,1
266,61,56000,4,7,9,Email,B,1
267,64,23000,1,4,5,SMS,A,1
268,60,92000,3,12,14,Publicite,A,1
269,58,95000,2,2,5,SMS,A,1
270,41,20000,3,0,3,SMS,C,0
271,48,73000,1,5,6,Publicite,A,1
272,36,84000,1,9,11,Email,A,1
273,25,77000,4,8,8,SMS,A,0
274,29,48000,0,9,10,Direct,B,0
275,62,73000,2,1,4,Publicite,A,1
276,23,62000,0,2,3,Publicite,B,1
277,21,34000,1,8,9,Direct,A,1
278,31,86000,2,6,9,SMS,A,1
279,30,81000,3,12,14,Publicite,A,1
280,53,81000,2,7,7,Email,A,1
281,22,64000,2,5,7,Direct,B,1
282,53,49000,0,11,10,Email,B,0
283,21,56000,3,12,12,Publicite,B,1
284,23,80000,2,10,12,Publicite,A,0
285,26,35000,0,14,12,Direct,C,1
286,56,51000,3,14,14,SMS,B,1
287,49,95000,3,8,9,Publicite,A,1
288,25,55000,4,4,4,SMS,B,1
289,48,83000,1,8,10,Email,A,1
290,35,76000,2,10,10,SMS,A,1
291,50,83000,0,7,8,Email,A,1
292,19,23000,3,1,1,SMS,C,0
293,46,78000,4,10,10,Email,A,1
294,46,45000,1,3,3,Email,C,1
295,61,48000,2,3,5,Direct,B,1
296,26,56000,4,12,13,Direct,B,1
297,49,94000,4,5,8,Email,A,1
298,28,79000,0,3,5,SMS,A,0
299,50,38000,4,11,10,SMS,C,1
300,39,72000,1,9,11,SMS,A,1
301,50,39000,2,5,5,Publicite,C,1
302,52,26000,4,1,3,Publicite,C,0
303,61,42000,3,11,10,Email,B,0
304,37,26000,2,5,5,Publicite,C,1
305,30,80000,4,7,10,Publicite,A,0
306,38,62000,0,11,10,Direct,B,1
307,25,86000,2,7,9,SMS,A,1
308,33,98000,4,2,5,Email,A,0
309,52,85000,4,1,5,Direct,A,1
310,20,91000,1,5,7,Email,A,1
311,25,73000,0,1,3,SMS,A,1
312,29,42000,3,1,4,SMS,B,0
313,61,20000,4,5,7,Email,C,1
314,66,59000,3,5,5,SMS,B,1
315,37,46000,4,13,13,Email,A,0
316,67,30000,0,7,8,Direct,C,1
317,44,27000,0,4,6,Email,C,1
318,32,29000,2,1,4,Direct,C,1
319,24,55000,4,0,2,Publicite,B,1
320,34,61000,1,10,12,Email,B,1
321,43,37000,2,9,9,Publicite,C,1
322,56,58000,2,8,9,Email,A,1
323,37,44000,1,4,6,Direct,B,1
324,54,75000,3,13,14,SMS,A,1
325,25,59000,0,1,2,Email,B,0
326,53,90000,2,3,7,Direct,A,1
327,26,35000,0,8,9,Direct,C,1
328,55,96000,2,9,10,Direct,A,1
329,64,62000,2,8,8,Publicite,B,1
330,64,42000,2,3,5,Publicite,B,1
331,35,71000,3,11,11,Publicite,A,1
332,65,63000,2,2,3,Email,B,1
333,25,99000,2,2,4,SMS,A,0
334,57,35000,2,4,4,Direct,C,1
335,29,86000,0,5,6,SMS,A,1
336,23,34000,0,11,9,SMS,C,1
337,33,84000,4,3,4,SMS,A,1
338,47,56000,0,12,12,Email,B,1
339,53,40000,4,9,11,Email,C,1
340,23,92000,0,4,6,Email,A,1
341,42,86000,0,8,9,Direct,A,0
342,27,96000,4,8,9,Direct,A,1
343,32,24000,1,14,12,SMS,C,1
344,28,82000,3,6,8,Publicite,A,1
345,46,51000,2,9,8,Email,B,1
346,28,22000,1,4,4,Email,C,1
347,52,63000,2,7,7,Email,C,1
348,40,60000,1,12,11,Direct,B,1
349,63,65000,4,12,13,SMS,B,1
350,61,76000,2,7,9,Email,A,1
351,57,24000,4,4,4,Direct,C,1
352,42,58000,4,12,11,Direct,B,1
353,67,92000,3,10,11,SMS,A,1
354,59,53000,4,2,3,Direct,B,1
355,32,44000,0,7,7,Direct,B,0
356,19,25000,1,6,8,Direct,C,1
357,45,44000,1,7,8,Publicite,B,1
358,49,70000,3,4,6,SMS,B,1
359,55,59000,4,13,13,Email,A,1
360,31,72000,3,2,5,Email,A,1
361,24,76000,0,12,14,Direct,A,1
362,49,26000,3,14,14,Email,C,0
363,66,37000,2,5,5,SMS,C,1
364,56,92000,2,11,11,Email,A,1
365,20,26000,4,7,8,Email,A,1
366,50,59000,2,8,9,Direct,B,1
367,42,77000,3,13,12,Email,A,1
368,22,52000,3,10,10,SMS,A,1
369,32,87000,4,10,11,Direct,A,1
370,43,69000,1,10,10,SMS,B,1
371,32,27000,3,7,6,Direct,C,1
372,23,76000,0,7,9,Email,A,0
373,67,60000,3,13,12,Direct,A,1
374,46,62000,0,4,5,Email,B,1
375,20,30000,3,8,7,Publicite,C,0
376,41,97000,3,6,10,SMS,A,1
377,61,32000,0,4,5,Email,C,1
378,18,55000,0,10,10,Publicite,B,1
379,36,49000,1,12,13,Publicite,B,0
380,32,88000,0,8,9,SMS,A,1
381,33,73000,2,11,11,Email,A,1
382,35,47000,3,12,12,Direct,B,1
383,45,65000,2,7,8,Publicite,B,1
384,52,32000,0,9,9,Direct,A,1
385,45,44000,4,6,6,Direct,B,1
386,20,75000,3,2,5,Publicite,B,1
387,34,89000,3,5,7,SMS,A,0
388,54,36000,2,14,12,Direct,C,1
389,21,38000,2,2,3,Direct,C,1
390,25,91000,3,8,8,Publicite,A,1
391,20,54000,1,12,13,SMS,B,1
392,39,88000,4,6,9,SMS,A,1
393,60,41000,1,7,7,SMS,B,1
394,38,86000,0,9,11,Direct,A,1
395,42,34000,0,0,3,Direct,C,1
396,54,43000,2,10,11,Publicite,B,1
397,22,45000,3,10,11,Direct,B,1
398,39,35000,4,12,11,SMS,C,0
399,36,88000,4,2,6,Email,B,1
400,29,40000,3,8,9,Publicite,C,0
401,61,36000,2,7,7,Publicite,C,1
402,24,22000,2,5,4,Email,C,1
403,46,79000,4,3,5,SMS,A,1
404,18,52000,2,11,12,Direct,B,1
405,53,53000,1,1,5,SMS,B,1
406,48,46000,0,9,10,Publicite,B,1
407,28,61000,2,7,9,SMS,B,1
408,38,37000,3,7,8,Email,C,1
409,56,86000,1,10,10,Email,A,1
410,36,70000,0,5,6,SMS,B,1
411,27,67000,4,11,12,SMS,B,1
412,49,89000,2,3,5,Direct,A,1
413,49,45000,1,7,7,SMS,B,1
414,31,54000,4,6,6,Direct,B,1
415,56,36000,3,13,14,Publicite,C,1
416,25,69000,4,3,4,SMS,B,1
417,53,77000,4,13,12,SMS,A,1
418,47,37000,4,0,1,Email,C,0
419,36,47000,1,3,5,SMS,B,0
420,40,70000,3,13,14,Publicite,A,0
421,59,41000,2,3,3,Direct,B,1
422,52,46000,4,11,11,Email,B,1
423,40,75000,4,3,4,Publicite,A,1
424,62,30000,0,1,2,Publicite,C,0
425,51,95000,0,8,11,Publicite,B,1
426,42,56000,3,3,6,Direct,B,1
427,49,95000,3,11,13,Email,A,1
428,48,21000,0,11,10,Publicite,C,1
429,25,91000,2,4,7,Email,A,1
430,67,29000,0,5,7,Publicite,C,0
431,32,88000,1,5,9,Publicite,A,1
432,54,72000,0,1,5,SMS,A,1
433,55,44000,2,12,12,SMS,B,1
434,40,81000,3,10,10,SMS,A,1
435,59,67000,1,5,7,Email,B,1
436,18,64000,0,6,6,Direct,B,1
437,29,63000,0,9,8,SMS,B,1
438,43,54000,1,10,9,Email,B,1
439,59,61000,0,0,2,Direct,B,1
440,43,83000,0,8,9,SMS,A,1
441,32,69000,0,5,7,Email,C,1
442,65,69000,4,2,3,SMS,B,0
443,39,54000,4,2,4,Publicite,C,1
444,26,21000,3,10,10,Email,C,1
445,40,21000,1,12,12,Publicite,C,1
446,28,25000,1,1,4,SMS,C,1
447,34,21000,2,0,1,SMS,C,0
448,21,46000,4,6,6,Direct,B,1
449,38,83000,2,14,16,SMS,A,0
450,20,62000,2,5,6,Publicite,B,1
451,60,61000,3,1,3,Publicite,B,1
452,33,91000,4,14,15,Email,A,1
453,54,90000,3,6,7,Publicite,B,0
454,38,93000,0,9,9,Direct,C,1
455,25,62000,3,9,9,Email,C,1
456,42,64000,3,14,13,Direct,B,1
457,48,59000,4,7,8,Direct,B,1
458,27,58000,0,8,10,Publicite,B,1
459,60,65000,3,9,9,SMS,B,1
460,65,77000,3,5,7,Email,A,1
461,46,59000,1,8,9,Direct,A,1
462,27,45000,4,11,12,SMS,C,1
463,59,70000,4,11,10,Email,C,1
464,48,40000,1,12,12,SMS,B,1
465,61,62000,1,9,9,Email,B,1
466,24,84000,3,13,15,SMS,B,1
467,55,39000,0,6,6,Publicite,C,0
468,48,48000,4,12,12,Direct,B,1
469,40,89000,4,14,13,SMS,A,1
470,33,70000,0,4,5,SMS,B,0
471,60,79000,3,6,9,Email,A,1
472,43,48000,4,10,10,SMS,B,0
473,56,75000,2,0,3,Email,A,1
474,39,98000,2,11,12,Direct,C,1
475,33,98000,3,7,9,Publicite,A,1
476,20,98000,4,10,13,Publicite,A,1
477,52,45000,3,12,11,Direct,B,1
478,67,52000,4,4,4,Direct,B,1
479,51,48000,3,3,6,Publicite,B,1
480,46,40000,4,9,9,Publicite,C,0
481,59,81000,4,1,3,SMS,A,1
482,34,25000,2,13,12,Direct,C,1
483,55,71000,2,11,12,SMS,A,1
484,33,83000,2,12,13,Direct,A,1
485,59,84000,2,9,11,SMS,A,0
486,49,74000,0,6,9,SMS,A,1
487,34,30000,0,11,11,Email,C,1
488,32,51000,2,3,6,SMS,C,1
489,45,76000,2,2,6,Publicite,A,1
490,59,65000,3,10,9,Email,B,1
491,48,66000,2,6,7,Direct,C,1
492,32,31000,3,14,14,Direct,C,1
493,32,72000,4,3,4,Direct,A,1
494,20,99000,0,10,11,SMS,A,0
495,22,41000,3,4,4,SMS,B,0
496,60,78000,0,6,9,Email,A,0
497,50,35000,2,14,13,SMS,C,1
498,57,70000,2,2,6,Direct,B,0
499,35,38000,4,9,10,SMS,C,1
500,61,85000,1,5,8,Email,A,1
501,26,52000,0,11,11,SMS,B,1
502,38,83000,0,11,12,Publicite,A,1
503,22,38000,0,1,3,Email,C,0
504,22,77000,4,0,2,Email,A,0
505,31,43000,1,7,6,Email,A,1
506,63,59000,1,14,13,Email,B,1
507,32,69000,3,0,2,Email,B,0
508,33,73000,4,5,7,Email,A,1
509,21,79000,4,8,11,Direct,B,0
510,20,93000,4,11,11,Publicite,A,0
511,62,52000,1,13,14,SMS,B,1
512,54,43000,3,3,5,Email,B,1
513,25,34000,4,12,11,Publicite,C,0
514,66,47000,3,6,6,Email,B,0
515,18,81000,0,3,5,Publicite,A,0
516,39,54000,2,13,12,Direct,B,1
517,48,54000,4,3,5,Publicite,B,1
518,46,97000,4,3,6,SMS,A,1
519,44,47000,4,13,14,SMS,B,1
520,25,83000,3,0,2,Email,A,1
521,48,30000,0,7,6,SMS,C,1
522,46,55000,3,4,7,Direct,B,1
523,50,94000,1,8,9,Email,A,1
524,62,53000,3,0,4,Direct,B,0
525,65,61000,0,14,15,Direct,C,1
526,22,58000,3,14,13,Email,B,1
527,31,90000,4,10,11,Direct,A,1
528,21,47000,1,14,12,Publicite,B,0
529,58,67000,4,1,2,Email,B,1
530,53,85000,3,8,9,Publicite,A,1
531,24,61000,0,3,5,Direct,B,1
532,64,50000,0,1,4,Direct,B,0
533,28,75000,0,3,5,SMS,A,0
534,57,54000,1,10,11,Email,B,0
535,54,97000,1,11,13,SMS,A,0
536,60,89000,2,4,5,Direct,A,1
537,33,98000,4,3,5,Direct,A,1
538,33,99000,3,13,15,SMS,A,1
539,31,80000,2,13,14,Publicite,A,1
540,35,54000,3,1,3,Email,B,0
541,44,61000,0,3,5,Direct,B,1
542,60,45000,4,3,4,Email,A,1
543,20,57000,2,10,11,Email,B,1
544,50,73000,1,14,13,Email,A,1
545,56,20000,0,6,6,Publicite,C,0
546,24,90000,1,11,12,SMS,A,1
547,21,56000,0,5,7,Direct,B,1
548,56,30000,2,5,7,Publicite,C,1
549,27,81000,0,14,15,Direct,C,1
550,43,53000,3,11,11,Publicite,B,1
551,64,51000,2,3,6,Email,B,1
552,56,49000,4,7,9,Email,B,0
553,34,79000,1,2,4,Email,C,1
554,49,64000,3,0,3,Direct,B,1
555,62,91000,1,9,10,SMS,C,1
556,59,37000,2,1,2,Direct,B,0
557,21,46000,2,9,8,Email,B,1
558,25,55000,4,11,12,Direct,B,1
559,23,39000,2,5,6,Publicite,C,1
560,19,39000,0,13,12,Email,C,1
561,59,58000,0,7,7,Publicite,B,1
562,42,90000,1,12,14,Direct,B,1
563,56,35000,2,13,14,Email,C,1
564,65,85000,3,11,12,Email,B,1
565,47,36000,3,0,3,Direct,C,0
566,34,52000,2,8,9,SMS,B,1
567,20,48000,4,4,6,SMS,B,0
568,60,95000,0,3,7,Publicite,A,1
569,65,82000,4,11,11,Direct,C,1
570,48,64000,3,8,9,SMS,B,1
571,65,84000,4,14,13,Email,A,1
572,35,76000,4,8,10,Direct,A,1
573,36,69000,3,1,4,SMS,B,0
574,59,20000,0,8,6,Direct,C,0
575,53,73000,1,6,7,Direct,A,1
576,18,37000,4,2,3,SMS,C,0
577,23,49000,2,9,10,Publicite,B,1
578,19,66000,1,10,10,Direct,B,1
579,35,93000,4,1,3,Direct,A,1
580,25,65000,3,2,4,SMS,B,1
581,51,36000,4,1,4,SMS,C,1
582,32,84000,3,10,11,Publicite,B,1
583,50,21000,2,11,11,SMS,C,1
584,24,23000,3,6,6,SMS,C,0
585,56,38000,0,12,13,Direct,C,1
586,54,26000,4,5,5,SMS,C,1
587,32,50000,1,5,7,Publicite,B,0
588,22,86000,2,9,11,Email,A,1
589,18,74000,1,10,12,Direct,A,1
590,44,45000,4,2,5,Email,B,1
591,62,90000,3,9,10,Publicite,A,1
592,55,35000,2,10,10,Publicite,C,0
593,44,63000,0,8,8,Publicite,B,1
594,38,83000,4,13,12,Direct,A,1
595,54,72000,2,10,11,SMS,B,1
596,43,26000,2,12,11,Direct,C,1
597,23,76000,4,13,15,Direct,A,1
598,18,70000,2,4,5,SMS,C,1
599,31,28000,3,12,10,Email,C,1
600,41,29000,4,6,5,Direct,B,1
601,59,57000,4,12,12,Email,C,0
602,66,81000,3,1,3,Direct,A,1
603,49,52000,0,12,12,SMS,B,1
604,46,33000,2,10,11,Email,B,1
605,29,86000,3,13,14,Publicite,A,1
606,37,43000,4,10,11,Publicite,B,1
607,26,80000,4,10,10,Email,A,1
608,41,96000,0,7,9,Publicite,A,1
609,35,31000,3,8,8,Direct,C,1
610,44,84000,4,3,5,Publicite,A,0
611,63,47000,2,4,6,Publicite,B,1
612,35,33000,0,12,11,Publicite,C,1
613,40,90000,3,2,5,Publicite,A,0
614,62,56000,2,0,2,SMS,C,0
615,60,65000,1,2,5,Publicite,A,1
616,41,60000,2,3,5,SMS,B,1
617,19,25000,3,11,9,Direct,C,1
618,54,41000,0,6,7,Direct,B,0
619,64,80000,4,7,7,SMS,A,1
620,49,29000,2,4,4,Publicite,C,1
621,38,43000,0,9,11,SMS,B,0
622,49,51000,0,10,10,Publicite,B,0
623,27,76000,1,7,8,Publicite,C,1
624,64,23000,0,2,2,SMS,C,0
625,32,89000,4,12,11,Direct,A,1
626,64,23000,1,4,6,Direct,C,0
627,63,53000,0,1,2,Email,B,1
628,56,97000,0,14,14,Direct,A,1
629,31,89000,2,1,3,Email,A,1
630,67,24000,0,5,6,SMS,C,1
631,25,35000,1,4,5,Publicite,C,1
632,60,87000,4,1,4,SMS,A,1
633,53,39000,0,3,6,Email,C,0
634,54,41000,4,8,9,Direct,B,1
635,27,23000,4,9,8,Direct,C,1
636,37,94000,0,12,14,Publicite,A,1
637,46,36000,2,14,12,SMS,C,1
638,24,88000,2,7,10,Email,A,1
639,59,41000,3,7,7,Publicite,B,1
640,52,77000,2,13,12,Email,A,1
641,23,35000,3,2,4,Email,C,0
642,31,96000,0,9,11,Publicite,A,1
643,23,47000,1,5,5,Publicite,C,1
644,64,31000,2,8,9,Email,C,0
645,35,71000,1,1,2,SMS,A,1
646,21,28000,2,14,13,Direct,C,1
647,35,87000,3,14,15,Direct,A,1
648,27,52000,4,4,7,Publicite,B,1
649,43,93000,1,8,9,Publicite,A,1
650,30,42000,1,6,8,Email,B,0
651,49,84000,1,0,3,Email,A,1
652,19,37000,0,1,3,Publicite,C,0
653,44,66000,2,10,10,Direct,A,1
654,20,59000,2,13,14,Publicite,B,1
655,20,24000,2,7,6,Publicite,C,1
656,66,24000,2,14,13,Direct,C,1
657,42,64000,1,4,7,Email,B,1
658,28,38000,0,13,11,Publicite,B,0
659,21,57000,0,8,7,Publicite,A,0
660,38,61000,4,13,13,Direct,B,1
661,46,69000,2,11,12,Email,B,1
662,49,60000,3,3,6,Direct,A,1
663,41,78000,3,1,3,Publicite,C,1
664,44,89000,3,0,4,Publicite,A,1
665,52,98000,3,12,12,Direct,A,1
666,51,83000,3,14,14,Direct,A,1
667,33,26000,3,8,8,SMS,C,1
668,29,60000,1,3,6,SMS,B,1
669,22,53000,0,14,13,Direct,B,1
670,26,99000,2,12,13,Email,A,1
671,20,53000,3,1,4,Direct,B,0
672,62,23000,1,7,6,Publicite,C,0
673,18,60000,4,12,12,SMS,A,1
674,39,21000,4,10,10,Email,C,1
675,62,62000,3,4,4,Publicite,C,1
676,41,45000,4,4,6,SMS,B,1
677,64,24000,4,6,6,Direct,C,0
678,38,53000,1,4,6,SMS,B,1
679,64,95000,1,0,3,Direct,A,0
680,53,41000,2,3,5,Email,B,1
681,36,67000,1,1,2,Email,B,1
682,31,29000,2,5,5,Email,C,1
683,40,73000,4,8,8,Publicite,A,1
684,32,70000,1,8,9,Email,C,1
685,35,94000,1,13,15,SMS,A,1
686,19,82000,4,13,15,Email,B,1
687,36,54000,2,3,4,Direct,B,1
688,41,40000,1,6,7,SMS,C,0
689,20,35000,1,13,13,Publicite,C,1
690,25,29000,0,3,3,SMS,C,0
691,38,51000,4,14,12,SMS,B,1
692,55,96000,3,12,14,Publicite,A,1
693,36,36000,0,8,8,Email,C,1
694,65,36000,4,11,12,Direct,C,1
695,58,88000,2,0,4,SMS,A,1
696,42,20000,1,11,11,Publicite,C,1
697,19,45000,0,9,9,Publicite,B,1
698,56,23000,1,12,11,Email,C,1
699,19,95000,1,7,9,Direct,A,1
700,23,97000,1,11,13,Publicite,B,1
701,35,93000,3,13,14,SMS,A,1
702,67,27000,4,11,11,Email,A,1
703,43,98000,4,9,12,Direct,A,1
704,18,50000,3,14,12,Direct,B,0
705,65,64000,3,13,12,Direct,B,0
706,37,42000,2,12,11,Email,B,1
707,39,67000,1,0,2,Direct,B,1
708,41,39000,0,5,5,Publicite,C,1
709,30,86000,1,5,7,Direct,A,1
710,23,28000,0,14,12,Direct,C,1
711,47,97000,3,3,5,Email,A,1
712,32,71000,1,4,7,SMS,A,1
713,50,83000,0,10,10,SMS,A,1
714,64,22000,0,10,9,Direct,C,1
715,50,42000,4,13,12,SMS,B,1
716,33,42000,1,5,6,Direct,B,0
717,39,62000,4,11,11,SMS,A,1
718,62,66000,3,2,4,Publicite,B,1
719,65,79000,4,4,6,SMS,B,1
720,54,60000,0,4,5,Email,B,1
721,22,57000,3,14,15,Direct,B,1
722,49,69000,3,8,10,SMS,A,1
723,52,43000,1,1,4,Email,B,1
724,35,56000,1,4,7,Email,B,0
725,46,81000,4,1,5,Email,A,1
726,24,22000,4,4,4,Email,C,0
727,66,89000,1,14,15,Direct,A,1
728,35,46000,3,14,12,SMS,A,0
729,21,37000,2,2,2,Publicite,C,0
730,32,93000,3,12,12,SMS,A,1
731,57,29000,0,4,5,Direct,C,1
732,60,57000,0,7,7,Direct,B,1
733,67,72000,0,9,9,Publicite,A,1
734,38,57000,2,8,10,Email,B,0
735,34,87000,4,2,5,Direct,A,1
736,43,39000,3,10,10,SMS,C,0
737,48,63000,3,12,11,Direct,B,1
738,41,35000,2,13,13,Email,C,1
739,35,57000,1,6,6,Email,B,1
740,32,68000,2,7,8,SMS,B,1
741,47,80000,4,10,12,SMS,A,1
742,30,98000,3,3,7,SMS,A,1
743,19,91000,4,1,4,Direct,A,1
744,63,76000,4,1,5,Direct,A,1
745,26,41000,0,0,3,Direct,B,1
746,31,81000,4,14,14,Publicite,A,1
747,57,22000,4,6,5,SMS,C,1
748,30,73000,4,13,12,SMS,A,1
749,67,34000,3,4,4,SMS,C,1
750,53,59000,3,10,11,Direct,B,1
751,60,76000,2,9,9,SMS,A,1
752,18,82000,0,7,7,Direct,C,1
753,50,86000,3,12,12,Direct,A,1
754,29,98000,0,2,4,Email,A,1
755,60,72000,3,3,5,SMS,A,1
756,27,47000,4,3,4,SMS,B,1
757,42,29000,4,10,9,Direct,C,1
758,27,45000,2,10,10,Publicite,B,1
759,64,55000,2,14,15,SMS,C,1
760,31,84000,3,0,3,SMS,B,0
761,57,80000,3,5,6,Email,A,1
762,32,82000,1,12,12,Publicite,A,1
763,66,38000,0,14,13,SMS,C,0
764,37,91000,1,8,9,Publicite,A,1
765,26,31000,0,12,12,Publicite,C,0
766,25,44000,3,3,3,Email,B,0
767,33,57000,4,14,14,Direct,B,1
768,50,61000,3,5,7,Direct,B,1
769,49,56000,3,9,8,Publicite,B,1
770,62,25000,2,2,2,Email,A,1
771,67,69000,0,12,13,SMS,B,1
772,67,43000,1,8,7,SMS,B,1
773,35,23000,1,14,12,Publicite,C,1
774,65,23000,4,1,2,Email,C,0
775,66,44000,0,9,8,Email,B,1
776,43,48000,4,4,7,Publicite,B,1
777,60,67000,3,7,9,SMS,B,1
778,29,56000,2,0,2,SMS,B,1
779,30,74000,2,3,6,Email,A,0
780,66,80000,3,13,12,Email,A,1
781,45,28000,3,1,4,Direct,C,1
782,42,88000,1,14,14,SMS,A,1
783,20,64000,0,11,11,Direct,C,1
784,32,49000,1,2,4,Email,B,1
785,32,59000,2,8,8,Direct,B,1
786,31,84000,1,4,5,Publicite,A,1
787,43,85000,1,13,13,Email,A,1
788,23,53000,1,8,10,Publicite,B,1
789,67,38000,0,13,12,Publicite,C,1
790,20,71000,2,2,5,SMS,A,1
791,43,45000,3,6,8,Direct,B,1
792,33,94000,2,9,11,Direct,A,1
793,46,89000,4,8,10,Email,B,1
794,63,89000,4,0,2,Publicite,C,0
795,64,29000,3,1,1,SMS,C,1
796,48,24000,3,12,11,SMS,C,1
797,54,92000,0,3,7,Email,A,1
798,33,57000,3,13,13,Publicite,C,1
799,38,38000,0,13,12,Direct,C,1
800,40,49000,3,7,9,Email,B,1